code,country,currency
AD,Andorra,EUR
AE,United Arab Emirates,AED
AF,Afghanistan,AFN
AG,Antigua and Barbuda,XCD
AI,Anguilla,XCD
AL,Albania,ALL
AM,Armenia,AMD
AN,Netherlands Antilles,EUR
AO,Angola,AOA
AQ,Antarctica,
AR,Argentina,ARS
AS,American Samoa,USD
AT,Austria,EUR
AU,Australia,AUD
AW,Aruba,AWG
AX,Aland Islands,AFN
AZ,Azerbaijan,AZN
BA,Bosnia and Herzegovina,BAM
BB,Barbados,BBD
BD,Bangladesh,BDT
BE,Belgium,EUR
BF,Burkina Faso,XOF
BG,Bulgaria,BGN
BH,Bahrain,BHD
BI,Burundi,BIF
BJ,Benin,XOF
BL,Saint Barthelemy,RWF
BM,Bermuda,BMD
BN,Brunei,USD
BO,Bolivia,INR
BQ,"Bonaire, Saint Eustatius and Saba",BOV
BR,Brazil,BRL
BS,Bahamas,BSD
BT,Bhutan,INR
BV,Bouvet Island,NOK
BW,Botswana,BWP
BY,Belarus,BYR
BZ,Belize,BZD
CA,Canada,CVE
CC,Cocos (Keeling) Islands,AUD
CD,"Congo, Dem Rep",XAF
CF,Central African Republic,XAF
CG,Congo,XAF
CH,Switzerland,CHW
CI,C√É¬¥te d'Ivoire,BIF
CK,Cook Islands,NZD
CL,Chile,CLP
CM,Cameroon,XAF
CN,China,CNY
CO,Colombia,COU
CR,Costa Rica,CRC
CS,Serbia and Montenegro,RSD
CU,Cuba,CUP
CV,Cape Verde,CVE
CW,Curacao,CUP
CY,Cyprus,EUR
CZ,Czech Republic,CZK
DE,Germany,EUR
DJ,Djibouti,DJF
DK,Denmark,DKK
DM,Dominica,XCD
DO,Dominican Republic,DOP
DZ,Algeria,DZD
EA,Euro Area,ETB
EC,Ecuador,USD
EE,Estonia,EUR
EG,Egypt,EGP
ER,Eritrea,ERN
ES,Spain,EUR
ET,Ethiopia,ETB
FI,Finland,EUR
FJ,Fiji,FJD
FK,Falkland Islands (Malvinas),FKP
FM,Micronesia,MXV
FO,Faroe Islands,DKK
FR,France,EUR
GA,Gabon,XAF
GD,Grenada,XCD
GE,Georgia,GEL
GF,French Guiana,EUR
GG,Guernsey,GBP
GH,Ghana,GHS
GI,Gibralter,GIP
GL,Greenland,DKK
GM,Gambia,GMD
GN,Guinea,GNF
GP,Guadeloupe,EUR
GQ,Equatorial Guinea,XAF
GR,Greece,EUR
GS,South Georgia and the South Sandwich Islands,FKP
GT,Guatemala,GTQ
GU,Guam,USD
GW,Guinea-Bissau,XOF
GY,Guyana,GYD
HK,Hong Kong,HKD
HN,Honduras,HNL
HR,Croatia,HRK
HT,Haiti,USD
HU,Hungary,HUF
ID,Indonesia,IDR
IE,Ireland,EUR
IL,Israel,ILS
IM,Isle of Man,GBP
IN,India,INR
IO,British Indian Ocean Territory,USD
IQ,Iraq,IQD
IR,Iran,XDR
IS,Iceland,ISK
IT,Italy,EUR
JE,Jersey,GBP
JM,Jamaica,JMD
JO,Jordan,JOD
JP,Japan,JPY
KE,Kenya,KES
KG,Kyrgyzstan,KGS
KH,Cambodia,KHR
KI,Kiribati,AUD
KM,Comoros,KMF
KN,Saint Kitts and Nevis,XCD
KP,North Korea,AUD
KR,South Korea,WON
KW,Kuwait,KWD
KY,Cayman Islands,KYD
KZ,Kazakhstan,KZT
LA,Laos,LAK
LB,Lebanon,LBP
LC,Saint Lucia,XCD
LI,Liechtenstein,CHF
LK,Sri Lanka,LKR
LR,Liberia,LRD
LS,Lesotho,ZAR
LT,Lithuania,EUR
LU,Luxembourg,EUR
LV,Latvia,EUR
LY,Libya,LYD
MA,Morocco,MAD
MC,Monaco,EUR
MD,Moldova,USD
ME,Montenegro,EUR
MF,Saint Martin (French Part),EUR
MG,Madagascar,MGA
MH,Marshall Islands,USD
MK,FYR Macedonia,EUR
ML,Mali,XOF
MM,Myanmar,MMK
MN,Mongolia,MNT
MO,Macau,MOP
MP,Northern Mariana Islands,USD
MQ,Martinique,EUR
MR,Mauritania,MRO
MS,Montserrat,XCD
MT,Malta,EUR
MU,Mauritius,MUR
MV,Maldives,MVR
MW,Malawi,MWK
MX,Mexico,MXV
MY,Malaysia,MYR
MZ,Mozambique,MZN
NA,Namibia,ZAR
NC,New Caledonia,XPF
NE,Niger,XOF
NF,Norfolk Island,AUD
NG,Nigeria,NGN
NI,Nicaragua,NIO
NL,Netherlands,EUR
NO,Norway,NOK
NP,Nepal,NPR
NR,Nauru,AUD
NU,Niue,NZD
NZ,New Zealand,NZD
OM,Oman,OMR
PA,Panama,USD
PE,Peru,PEN
PF,French Polynesia,XPF
PG,Papua New Guinea,PGK
PH,Philippines,PHP
PK,Pakistan,PKR
PL,Poland,PLN
PM,Saint Pierre and Miquelon,EUR
PN,Pitcairn,NZD
PR,Puerto Rico,USD
PS,West Bank and Gaza,XPF
PT,Portugal,EUR
PW,Palau,USD
PY,Paraguay,PYG
QA,Qatar,QAR
RE,Reunion,QAR
RO,Romania,RON
RS,Serbia,RSD
RU,Russia,RON
RW,Rwanda,RWF
SA,Saudi Arabia,SAR
SB,Solomon Islands,SBD
SC,Seychelles,SCR
SD,Sudan,SDG
SE,Sweden,SEK
SG,Singapore,SGD
SH,Saint Helena Ascension and Tristan Da Cunha,EUR
SI,Slovenia,EUR
SJ,Svalbard and Jan Mayen,NOK
SK,Slovakia,EUR
SL,Sierra Leone,SLL
SM,San Marino,EUR
SN,Senegal,XOF
SO,Somalia,SOS
SR,Suriname,SRD
SS,South Sudan,SSP
ST,Sao Tome and Principe,STD
SV,El Salvador,USD
SX,Saint Maarten,XCD
SY,Syria,CHW
SZ,Swaziland,SZL
TC,Turks and Caicos Islands,USD
TD,Chad,XAF
TF,French Southern Territories,EUR
TG,Togo,XOF
TH,Thailand,THB
TJ,Tajikistan,TJS
TK,Tokelau,NZD
TL,East Timor (Timor-Leste for EIU),DOP
TM,Turkmenistan,TMT
TN,Tunisia,TND
TO,Tonga,TOP
TR,Turkey,TRY
TT,Trinidad and Tobago,TTD
TV,Tuvalu,AUD
TW,Taiwan,SYP
TZ,Tanzania,TJS
UA,Ukraine,UAH
UG,Uganda,UGX
UK,United Kingdom,GBP
UM,United States Minor Outlying Islands,USD
US,United States,USN
UY,Uruguay,UYU
UZ,Uzbekistan,UZS
VA,Holy See,AUD
VC,Saint Vincent and the Grenadines,XCD
VE,Venezuela,VUV
VG,British Virgin Islands,USD
VI,US Virgin Islands,UYU
VN,Vietnam,VND
VU,Vanuatu,VUV
WF,Wallis And Futuna,XPF
WS,Samoa,WST
XK,Kosovo,KRW
YE,Yemen,YER
YT,Mayotte,EUR
YU,Yugoslavia,YER
ZA,South Africa,ZAR
ZM,Zambia,ZMW
ZW,Zimbabwe,ZWL